f1,f2,f3,f4,f5,winner
1,2,2,0,89,1
0,2,1,0,70,1
1,1,0,0,73,1
0,1,0,0,85,1
1,0,0,0,77,1
2,1,-3,0,78,1
0,1,-5,0,78,1
1,2,-1,0,75,2
0,2,1,0,62,2
2,1,-2,0,75,1
1,0,-4,0,53,1
1,2,0,0,39,2
2,0,-1,0,35,1
1,0,0,0,18,2
0,1,-2,0,-8,1
0,1,-3,0,-10,1
0,2,-4,0,-11,1
2,1,-8,0,-18,1
1,1,-9,0,-27,1
0,1,-12,0,-35,1
2,1,-16,0,-48,1
1,2,-15,0,-62,2
0,1,-18,0,-63,1
0,0,-18,0,-151,1
0,0,-16,-1,-157,1
0,0,-17,-1,-144,1
1,2,-11,-1,-144,2
0,2,-10,-1,-153,1
2,1,-13,-1,-163,1
2,1,-17,-1,-157,1
1,0,-16,-1,-251,2
0,1,-23,-1,-264,1
2,1,-26,0,-260,1
0,2,-23,0,-258,1
2,2,-19,0,-244,2
2,2,-18,0,-239,1
0,0,-17,0,-244,2
0,2,-14,0,-251,1
1,1,-13,0,-257,2
1,2,-10,0,-267,2
1,2,-8,0,-266,1
1,0,-7,0,-270,1
0,1,-9,0,-285,2
0,0,-7,0,-281,1
0,0,-8,0,-272,1
0,1,-10,0,-92,2
1,0,-9,0,-273,2
1,1,-11,0,-375,1
0,1,-14,0,-371,1
1,2,-12,0,-282,2
0,0,-14,0,-287,1
2,2,-13,0,-292,2
1,2,-10,0,-302,2
1,1,-12,0,-318,1
2,1,-17,0,-309,1
1,2,-14,-1,-312,2
2,1,-18,-1,-303,1
0,0,-19,-1,-297,2
0,1,-22,-1,-309,1
2,1,-28,0,-310,1
0,2,-28,1,-305,1
0,0,-28,1,-297,1
2,1,-30,1,-482,1
1,2,-25,1,-486,1
1,2,-23,1,-478,1
0,1,-29,1,-479,1
0,0,-29,1,-467,1
0,0,-29,2,-463,1
2,0,-29,2,-449,1
0,1,-33,2,-453,1
2,0,-34,2,-436,1
1,2,-34,2,-454,1
1,2,-31,2,-457,1
0,2,-28,1,-450,1
2,0,-29,1,-439,1
0,2,-26,1,-439,2
1,2,-21,1,-440,2
2,2,-20,2,-443,1
2,0,-20,2,-434,1
0,1,-22,2,-437,1
0,2,-20,1,-431,2
0,1,-20,1,-447,1
0,1,-23,1,-448,1
1,2,-21,1,-446,2
2,2,-21,1,-451,1
0,1,-24,1,-459,1
0,1,-24,1,-457,1
0,0,-23,1,-451,2
1,2,-20,1,-442,1
1,2,-17,1,-447,2
1,2,-14,1,-453,1
2,1,-17,1,-440,1
0,1,-20,1,-443,1
0,1,-20,1,-443,1
2,2,-19,3,-443,1
0,1,-22,3,-444,1
1,0,-22,4,-445,1
1,1,-23,3,-454,1
2,0,-24,3,-459,1
2,1,-27,4,-460,1
1,0,-26,4,-471,1
2,2,-24,4,-478,1
0,2,-20,4,-568,2
0,0,-19,4,-591,1
0,0,-18,4,-597,1
1,0,-17,4,-704,2
2,0,-16,4,-705,2
0,1,-17,4,-710,1
0,1,-16,3,-699,1
0,1,-20,3,-712,1
1,2,-19,3,-725,2
2,1,-22,3,-722,2
0,2,-19,2,-818,2
2,0,-20,2,-820,1
1,2,-16,2,-822,1
2,2,-13,2,-808,2
2,1,-16,2,-804,1
1,1,-20,1,-813,1
2,1,-22,2,-806,1
1,2,-17,2,-803,1
0,0,-15,1,-807,1
1,0,-15,1,-819,1
0,1,-18,1,-833,1
1,0,-17,1,-860,1
0,2,-15,1,-860,1
2,0,-17,1,-843,1
1,1,-18,1,-842,1
1,2,-16,1,-846,2
1,2,-14,1,-845,2
1,2,-13,1,-842,1
2,1,-15,1,-827,1
0,1,-16,1,-831,1
2,1,-18,1,-832,1
0,1,-20,1,-838,1
1,0,-19,1,-841,2
1,2,-16,1,-840,2
0,1,-18,1,-848,1
0,1,-20,1,-769,1
1,0,-20,1,-872,1
2,0,-20,1,-873,1
1,0,-18,0,-886,1
1,2,-16,0,-899,2
0,0,-16,0,-918,1
1,2,-16,0,-924,1
1,2,-14,-1,-924,1
0,0,-14,-1,-1019,1
0,2,-13,-1,-1022,1
1,1,-15,-2,-1028,1
2,2,-12,-2,-1021,1
0,2,-9,-2,-1024,1
2,1,-13,-2,-1039,1
2,0,-13,-2,-1049,2
1,1,-17,-2,-1052,1
2,1,-18,-2,-1041,1
0,1,-19,-2,-1031,1
1,0,-19,-2,-1035,1
1,2,-15,-3,-1042,1
0,2,-14,-3,-1046,2
2,1,-17,-3,-1048,1
0,0,-15,-3,-1042,1
0,2,-15,-3,-1047,1
1,1,-18,-3,-1053,1
1,0,-17,-3,-1065,2
0,2,-13,-4,-1050,1
1,1,-15,-5,-1050,1
2,2,-12,-5,-1038,2
0,0,-14,-5,-1025,1
2,0,-15,-5,-1021,1
0,2,-13,-5,-1028,2
2,1,-15,-5,-1010,1
0,0,-15,-5,-1005,2
0,1,-18,-5,-1004,1
2,0,-18,-5,-993,1
0,0,-18,-5,-1084,1
0,2,-17,-5,-1064,1
0,2,-16,-6,-1060,1
1,1,-20,-6,-1074,1
1,2,-19,-6,-1079,1
0,1,-19,-7,-1096,1
1,2,-13,-7,-1113,2
0,1,-17,-7,-1201,1
0,1,-21,-7,-1181,1
0,1,-24,-7,-1171,2
2,1,-25,-7,-1169,1
0,2,-23,-7,-1175,2
1,2,-20,-7,-1187,1
1,0,-18,-7,-1201,2
1,0,-16,-7,-1203,2
2,0,-17,-7,-1191,2
0,0,-18,-7,-1117,1
1,0,-16,-7,-1118,2
2,1,-22,-7,-1126,1
2,0,-22,-7,-1123,1
2,0,-23,-6,-1124,1
1,0,-25,-6,-1142,1
0,0,-24,-6,-1144,1
0,1,-24,-6,-1158,1
2,1,-26,-6,-1150,1
0,1,-30,-6,-1153,1
0,0,-28,-7,-1147,1
0,2,-23,-7,-1148,2
1,0,-23,-7,-1151,1
2,1,-27,-6,-1141,1
2,0,-27,-6,-1147,1
1,1,-30,-6,-1159,1
1,2,-28,-6,-1164,1
1,2,-23,-6,-1179,2
0,2,-22,-5,-1195,2
2,2,-21,-5,-1187,1
1,2,-20,-5,-1198,2
1,0,-19,-5,-1284,1
2,1,-22,-5,-1282,1
1,0,-22,-5,-1291,1
1,1,-23,-5,-1306,1
0,0,-24,-5,-1305,2
1,0,-24,-5,-1318,1
0,0,-23,-5,-1414,1
1,2,-18,-5,-1420,2
0,0,-18,-5,-1427,1
2,1,-21,-5,-1436,1
0,1,-24,-5,-1437,1
0,2,-19,-5,-1420,2
2,1,-20,-5,-1409,1
0,1,-22,-5,-1409,1
2,1,-25,-4,-1408,2
0,2,-23,-4,-1392,1
2,1,-25,-4,-1383,1
0,2,-24,-4,-1409,1
0,2,-19,-4,-1424,2
1,1,-22,-5,-1431,1
2,1,-25,-5,-1429,1
1,0,-24,-6,-1431,1
0,0,-23,-6,-1427,2
2,2,-22,-5,-1424,1
0,1,-24,-5,-1436,1
2,0,-24,-5,-1427,1
2,1,-26,-5,-1339,1
0,2,-23,-5,-1337,2
1,1,-27,-5,-1335,1
1,2,-25,-6,-1334,1
0,0,-25,-6,-1337,1
0,2,-21,-6,-1332,2
2,2,-21,-6,-1311,1
2,2,-20,-6,-1318,1
0,2,-14,-6,-1321,1
0,2,-10,-6,-1321,1
1,2,-6,-6,-1308,2
1,2,-1,-6,-1304,2
2,1,-4,-6,-1304,1
0,1,-6,-5,-1325,1
2,1,-7,-4,-1325,1
1,2,-7,-4,-1337,2
0,2,-6,-4,-1351,1
0,0,-8,-4,-1359,1
0,2,-5,-4,-1374,2
2,0,-7,-4,-1377,1
2,1,-9,-4,-1559,1
1,2,-7,-4,-1567,1
1,1,-9,-4,-1584,1
0,2,-9,-5,-1586,1
2,0,-10,-5,-1586,1
2,1,-14,-5,-1598,1
2,1,-16,-5,-1590,1
2,1,-19,-5,-1572,1
1,0,-17,-5,-1581,2
2,0,-18,-6,-1586,1
2,1,-21,-6,-1589,1
1,2,-19,-6,-1608,2
1,0,-18,-6,-1601,1
2,0,-19,-6,-1591,1
2,1,-22,-6,-1588,1
2,0,-25,-6,-1590,1
0,0,-26,-6,-1599,2
2,1,-32,-5,-1591,1
2,1,-35,-5,-1584,1
1,0,-35,-5,-1590,1
2,2,-34,-4,-1597,2
0,0,-33,-4,-1605,1
0,0,-33,-4,-1606,1
2,0,-33,-4,-1598,1
1,1,-38,-4,-1607,1
1,2,-35,-4,-1608,2
2,0,-37,-3,-1598,1
1,1,-38,-3,-1604,1
2,0,-38,-2,-1687,2
0,0,-38,-2,-1691,2
0,1,-39,-2,-1684,1
1,0,-39,-2,-1694,1
1,0,-37,-2,-1698,2
2,0,-37,-2,-1683,1
2,1,-41,-1,-1686,1
0,2,-39,0,-1687,1
0,2,-36,0,-1692,2
1,1,-38,0,-1699,1
0,0,-37,0,-1706,1
0,1,-39,0,-1690,1
2,2,-37,0,-1709,1
2,0,-39,0,-1710,1
1,2,-36,0,-1730,2
1,2,-34,0,-1750,2
2,2,-32,0,-1755,2
0,1,-36,0,-1753,1
1,0,-36,0,-1763,1
2,1,-38,0,-1749,1
2,2,-36,0,-1733,2
0,1,-38,0,-1743,1
0,2,-37,0,-1744,1
1,1,-39,0,-1754,1
1,2,-34,0,-1777,2
1,1,-35,0,-1796,1
1,1,-34,0,-1806,1
1,2,-32,-1,-1799,1
2,1,-34,-1,-1792,2
0,1,-40,-1,-1799,1
2,1,-44,-1,-1801,1
2,0,-46,-1,-1805,1
1,1,-48,-1,-1811,1
2,2,-46,-1,-1724,1
0,1,-49,-1,-1735,1
2,2,-46,-1,-1737,2
1,0,-47,0,-1739,1
0,2,-44,0,-1741,2
2,0,-45,0,-1746,1
1,2,-41,0,-1756,1
0,0,-42,0,-1769,2
2,1,-47,0,-1767,1
2,1,-51,0,-1768,1
1,0,-53,0,-1785,1
0,2,-51,0,-1799,1
1,0,-51,0,-1819,1
1,2,-51,-1,-1840,1
0,2,-49,-1,-1853,2
1,0,-50,-1,-1868,2
0,2,-49,-1,-1966,2
2,0,-49,-1,-1964,1
2,1,-52,-1,-1973,1
1,0,-51,-1,-1972,1
2,1,-54,-1,-1970,1
2,1,-57,-1,-1879,1
1,1,-59,0,-1870,1
1,2,-56,0,-1861,1
0,1,-58,0,-1859,1
2,0,-59,1,-1863,1
0,2,-58,1,-1884,1
2,1,-60,1,-1886,1
0,2,-57,1,-1873,2
2,1,-60,1,-1892,1
0,0,-60,1,-1974,1
2,1,-63,1,-1973,1
2,1,-66,1,-1968,1
1,2,-62,1,-1986,1
2,1,-61,1,-1980,1
2,1,-63,1,-1990,1
1,1,-64,1,-1990,1
0,2,-63,2,-1989,2
0,1,-67,2,-1997,1
0,2,-65,2,-2004,1
1,2,-61,1,-2008,2
0,1,-62,1,-2012,1
0,2,-61,1,-2011,1
0,0,-61,1,-1935,1
0,1,-60,1,-1924,1
2,1,-63,1,-1928,1
2,1,-64,1,-1911,1
1,2,-61,1,-1908,2
0,0,-63,1,-1914,1
1,2,-61,-1,-1929,2
1,1,-63,-1,-1916,1
2,0,-66,-1,-1909,1
2,1,-71,-1,-1905,1
1,0,-69,-1,-1907,1
0,1,-70,0,-1834,1
1,0,-72,0,-1847,1
2,1,-75,0,-1839,1
0,2,-74,0,-1829,1
0,0,-75,0,-1842,1
2,2,-74,0,-1828,1
2,1,-79,0,-1836,1
0,2,-75,0,-1830,2
0,0,-75,0,-1832,1
1,2,-73,0,-1836,2
2,1,-75,0,-1852,1
0,1,-76,0,-1761,1
0,1,-77,0,-1776,2
2,1,-79,0,-1762,1
0,1,-81,0,-1765,1
0,2,-80,0,-1768,1
2,1,-83,0,-1761,1
2,1,-91,1,-1742,1
1,0,-91,1,-1755,1
0,2,-89,1,-1750,1
0,1,-90,1,-1765,1
0,1,-91,1,-1756,2
2,1,-94,1,-1748,1
0,2,-91,1,-1759,1
1,2,-88,1,-1770,1
0,0,-88,1,-1861,1
0,0,-88,1,-1842,1
1,2,-85,1,-1845,2
2,1,-90,1,-1836,1
0,1,-90,1,-1845,2
1,2,-85,1,-1851,2
2,1,-85,2,-1853,2
2,1,-87,2,-1854,1
0,1,-89,2,-1844,1
2,0,-89,3,-1846,1
0,2,-89,3,-1847,1
2,0,-90,3,-1849,1
0,1,-91,3,-1849,1
2,0,-92,3,-1859,1
1,0,-93,1,-1859,1
2,2,-92,1,-1760,1
1,1,-91,1,-1767,2
0,0,-88,0,-1773,2
0,2,-87,0,-1771,2
2,0,-89,0,-1776,1
1,2,-85,0,-1777,2
0,0,-84,0,-1774,1
1,0,-83,0,-1759,1
2,2,-83,0,-1764,1
1,0,-82,0,-1844,1
1,2,-80,0,-1841,1
1,2,-76,0,-1853,2
1,2,-74,0,-1871,1
0,1,-77,0,-1862,1
1,2,-76,0,-1874,2
1,2,-72,0,-1806,2
1,0,-74,-1,-1805,1
1,0,-72,-1,-1809,2
2,2,-68,-1,-1809,2
0,2,-65,-1,-1916,2
0,2,-64,-1,-1923,1
1,0,-63,-1,-1937,2
1,2,-61,-1,-2036,1
0,0,-59,-2,-2046,2
1,0,-59,-2,-2056,1
0,0,-59,-3,-2074,2
1,0,-60,-3,-2085,1
2,1,-63,-3,-2080,1
1,2,-57,-3,-2101,2
0,0,-57,-3,-2097,1
0,1,-59,-3,-2103,1
1,2,-56,-3,-2099,1
0,0,-57,-3,-2092,1
1,1,-61,-3,-2091,1
0,0,-62,-3,-2102,1
0,2,-60,-3,-2119,2
1,2,-56,-3,-2136,2
1,2,-52,-3,-2129,1
1,1,-51,-3,-2128,1
0,0,-49,-4,-2135,1
1,2,-46,-4,-2148,2
1,1,-48,-4,-2162,1
2,0,-45,-4,-2148,1
0,0,-44,-4,-2148,2
2,1,-46,-4,-2151,1
0,2,-42,-4,-2152,2
1,0,-41,-4,-2148,2
2,2,-42,-4,-2149,2
2,2,-41,-4,-2165,1
2,2,-40,-4,-2145,2
1,1,-42,-4,-2237,1
0,2,-39,-4,-2236,1
1,0,-39,-4,-2245,1
0,2,-35,-4,-2247,2
1,0,-34,-5,-2257,2
0,1,-35,-5,-2254,1
0,0,-35,-5,-2262,1
2,0,-34,-5,-2272,1
0,1,-38,-5,-2273,1
2,0,-39,-5,-2257,1
0,2,-40,-5,-2332,1
2,0,-40,-4,-2342,2
1,0,-38,-4,-2355,2
2,2,-35,-4,-2358,1
2,2,-30,-4,-2354,1
0,2,-27,-5,-2364,2
2,2,-28,-5,-2348,1
2,1,-30,-5,-2341,1
2,1,-35,-5,-2330,1
2,1,-37,-5,-2416,1
2,0,-37,-5,-2419,1
1,2,-35,-5,-2439,1
1,1,-37,-5,-2361,1
0,2,-37,-5,-2365,2
0,1,-39,-5,-2368,1
2,1,-42,-5,-2363,1
2,0,-42,-4,-2364,1
2,0,-40,-4,-2370,2
1,2,-39,-4,-2374,2
0,0,-39,-4,-2378,1
0,2,-37,-4,-2387,1
2,2,-36,-3,-2388,1
0,0,-37,-3,-2387,1
0,2,-33,-3,-2407,1
0,2,-33,-3,-2324,2
1,2,-30,-4,-2329,1
1,2,-28,-5,-2319,1
2,1,-29,-5,-2312,1
0,0,-30,-5,-2310,1
1,0,-32,-5,-2505,1
2,0,-32,-5,-2422,2
0,2,-29,-5,-2446,2
1,2,-26,-6,-2451,2
2,0,-25,-6,-2451,2
2,0,-26,-6,-2460,1
1,1,-27,-6,-2481,2
2,1,-32,-6,-2490,1
2,1,-33,-6,-2485,1
0,2,-32,-6,-2475,1
0,1,-34,-6,-2472,2
2,1,-38,-6,-2465,1
1,2,-33,-7,-2482,2
1,1,-32,-7,-2502,2
0,2,-28,-7,-2501,2
0,1,-30,-7,-2510,1
2,0,-31,-7,-2520,1
0,2,-31,-7,-2537,1
2,2,-29,-7,-2524,1
2,1,-35,-7,-2514,1
1,2,-33,-7,-2505,1
1,2,-31,-7,-2509,1
0,1,-31,-7,-2522,2
1,2,-30,-7,-2531,1
1,0,-29,-7,-2617,1
1,2,-25,-8,-2613,2
1,1,-27,-8,-2634,1
2,1,-28,-8,-2621,1
2,1,-32,-7,-2621,1
1,2,-27,-7,-2630,2
0,0,-28,-7,-2620,1
1,0,-28,-7,-2628,1
0,2,-25,-7,-2629,1
0,2,-21,-7,-2445,2
1,0,-21,-7,-2450,1
2,2,-20,-7,-2434,1
0,0,-21,-7,-2443,1
2,0,-21,-7,-2436,2
2,0,-22,-7,-2419,1
0,2,-19,-7,-2415,2
1,2,-15,-7,-2404,2
0,2,-11,-7,-2313,2
0,2,-11,-7,-2310,1
0,1,-11,-7,-2313,1
1,2,-5,-7,-2323,2
1,0,-5,-7,-2330,1
2,0,-6,-7,-2330,1
0,1,-10,-7,-2426,1
2,1,-11,-6,-2430,2
0,1,-12,-6,-2626,1
1,2,-7,-6,-2620,1
0,1,-10,-6,-2649,1
1,2,-6,-6,-2655,2
0,2,-1,-6,-2644,1
1,1,-2,-7,-2647,1
0,2,-1,-7,-2671,1
0,2,1,-7,-2677,2
2,1,-2,-7,-2672,1
2,1,-8,-7,-2681,1
2,0,-9,-7,-2594,1
1,2,-5,-7,-2597,2
0,1,-7,-7,-2593,1
2,1,-10,-7,-2593,1
0,2,-8,-7,-2590,2
1,1,-10,-7,-2595,1
2,1,-14,-7,-2595,1
1,0,-13,-7,-2595,1
2,0,-15,-7,-2596,1
0,1,-16,-7,-2577,1
1,2,-10,-7,-2586,2
1,1,-11,-8,-2599,2
1,2,-6,-8,-2590,2
0,2,-3,-8,-2591,2
1,2,0,-8,-2589,2
1,2,2,-8,-2589,1
2,0,1,-8,-2602,1
1,0,2,-10,-2611,2
0,1,-1,-10,-2613,1
2,1,-4,-9,-2620,1
0,0,-5,-9,-2541,1
0,1,-8,-9,-2540,1
0,0,-6,-9,-2447,1
0,2,-3,-9,-2443,2
0,1,-6,-9,-2451,1
2,0,-6,-9,-2439,1
0,2,-5,-9,-2436,1
1,1,-8,-9,-2431,1
0,0,-7,-9,-2442,2
1,2,-1,-9,-2455,2
0,1,-4,-9,-2459,1
2,2,-2,-9,-2464,1
1,1,-4,-9,-2459,1
1,2,-2,-9,-2558,1
2,0,-1,-7,-2559,1
1,0,-2,-7,-2559,1
2,2,-3,-7,-2564,1
2,0,-3,-7,-2563,2
0,2,0,-7,-2547,1
0,2,1,-7,-2555,1
0,2,2,-7,-2565,2
1,0,3,-8,-2564,1
0,2,6,-8,-2561,1
0,2,6,-8,-2572,1
0,1,5,-8,-2570,1
2,0,4,-8,-2559,1
1,0,2,-8,-2578,1
2,0,1,-8,-2589,1
0,2,5,-8,-2598,2
0,2,8,-8,-2790,2
1,2,12,-8,-2811,2
1,2,15,-8,-2802,2
2,1,12,-8,-2891,1
2,1,7,-7,-2886,1
2,1,5,-8,-2794,1
1,2,8,-8,-2782,2
0,0,9,-8,-2785,2
2,1,6,-8,-2788,1
1,1,3,-8,-2801,2
2,0,4,-8,-2788,1
2,0,4,-8,-2876,2
1,0,6,-9,-2890,1
0,1,4,-9,-2885,1
0,2,5,-9,-2895,1
2,2,7,-9,-2886,1
2,2,8,-9,-2883,1
2,0,7,-8,-2899,1
1,2,11,-8,-2906,2
1,2,15,-9,-2909,2
2,1,11,-9,-2920,1
0,2,12,-9,-2919,1
0,0,13,-9,-2908,1
2,0,12,-9,-2913,1
2,1,9,-9,-2910,1
2,2,11,-9,-2913,2
1,1,10,-9,-2932,2
1,0,13,-8,-2940,1
0,0,13,-8,-2942,1
1,2,17,-8,-2956,2
1,2,19,-8,-3057,1
0,1,16,-8,-3077,2
0,1,15,-8,-3074,1
1,0,14,-8,-3082,1
0,0,14,-7,-3074,1
2,0,13,-7,-3071,1
2,1,7,-7,-3061,1
0,0,7,-8,-3164,1
2,2,8,-8,-3157,1
2,1,3,-8,-3249,1
1,1,3,-9,-3260,2
1,0,4,-9,-3179,1
1,2,8,-9,-3200,2
1,2,10,-9,-3205,2
0,0,10,-8,-3203,1
2,1,8,-7,-3197,1
0,2,10,-7,-3198,1
0,0,10,-6,-3206,1
1,1,8,-6,-3222,1
2,2,10,-6,-3231,2
0,2,15,-6,-3214,1
1,2,22,-6,-3222,2
0,1,20,-6,-3237,1
1,1,18,-6,-3171,1
0,2,18,-6,-3191,1
0,2,21,-6,-3202,2
0,1,18,-6,-3192,1
2,0,17,-6,-3194,1
0,1,15,-6,-3198,1
2,0,14,-6,-3107,1
1,2,18,-6,-3114,1
0,2,19,-5,-3110,1
0,1,17,-5,-3107,1
1,0,15,-4,-3115,1
0,1,13,-3,-3116,1
0,1,11,-3,-3117,1
0,0,10,-3,-3126,1
2,0,9,-3,-3125,1
0,0,9,-3,-3038,1
1,1,5,-3,-3037,1
0,1,5,-4,-3036,1
2,1,3,-3,-3036,1
2,1,-2,-3,-3033,1
1,2,2,-3,-3056,1
1,2,4,-3,-3067,1
0,2,6,-3,-3162,1
0,2,9,-3,-3163,1
0,2,9,-3,-3159,1
2,1,8,-3,-3168,1
2,0,6,-3,-3160,1
0,0,9,-4,-3077,2
1,1,7,-4,-3087,1
1,1,6,-4,-3086,1
0,0,6,-4,-3089,1
1,2,8,-4,-3092,2
2,0,8,-3,-3011,1
1,0,7,-3,-3028,1
1,1,5,-3,-3018,1
0,1,3,-3,-3032,1
0,0,3,-3,-3035,1
2,0,2,-3,-3029,1
0,2,3,-3,-3024,1
1,2,6,-4,-3019,2
1,0,7,-4,-3025,1
1,2,11,-4,-3022,2
1,2,15,-4,-3033,2
2,2,17,-4,-3025,1
2,0,18,-4,-3013,2
0,1,18,-5,-3012,2
2,1,16,-5,-3015,1
1,2,18,-5,-3020,2
1,0,20,-5,-3016,1
0,0,20,-5,-3016,1
2,2,21,-5,-3007,2
2,2,22,-4,-3004,1
1,0,21,-4,-3014,1
0,2,23,-4,-3028,1
2,1,21,-4,-3122,1
2,1,18,-3,-3133,1
0,1,17,-3,-3140,1
0,0,16,-3,-3133,1
0,1,15,-3,-3046,1
1,2,18,-3,-3063,1
1,1,15,-3,-3053,1
2,2,16,-3,-3059,2
0,1,13,-3,-3054,1
1,2,19,-3,-3035,2
0,1,15,-3,-3022,1
1,0,16,-3,-3035,1
1,2,21,-4,-3051,2
1,0,22,-4,-3066,1
1,2,24,-4,-3052,1
0,1,22,-4,-3053,1
0,2,25,-4,-3058,2
2,2,28,-4,-3051,1
0,2,29,-4,-3159,1
2,1,27,-4,-3175,2
1,0,27,-3,-3088,1
0,2,29,-3,-3103,2
0,0,31,-3,-3095,1
0,1,28,-3,-3102,1
0,2,27,-3,-3106,1
1,1,24,-3,-3112,1
1,0,24,-3,-3117,1
2,1,18,-3,-3213,1
1,2,22,-3,-3222,2
1,0,21,-3,-3224,1
2,0,21,-3,-3235,2
1,2,25,-4,-3234,2
0,0,24,-5,-3239,1
1,0,23,-5,-3244,1
1,0,22,-5,-3068,1
2,0,22,-4,-3163,2
2,1,20,-4,-3150,1
1,0,22,-4,-3136,2
0,1,20,-4,-3133,1
2,1,19,-4,-3114,1
2,0,17,-4,-3106,1
0,1,13,-4,-3100,1
0,1,14,-3,-3100,1
2,1,8,-3,-3084,1
1,1,2,-4,-3085,1
0,2,3,-4,-3086,1
0,2,3,-4,-3083,1
1,2,10,-4,-3094,2
2,1,8,-4,-3077,1
0,0,8,-3,-3160,1
0,1,6,-3,-3160,1
0,2,7,-3,-3160,1
0,0,9,-3,-3162,2
0,0,9,-3,-3177,1
0,0,10,-3,-3180,2
1,2,13,-3,-3196,1
0,1,11,-3,-3210,1
1,2,15,-3,-3226,2
2,0,14,-3,-3215,1
2,1,10,-3,-3202,1
0,1,10,-3,-3208,1
0,0,8,-3,-3222,1
1,1,8,-3,-3239,2
0,1,4,-3,-3255,1
1,2,9,-3,-3253,2
1,0,10,-3,-3272,2
2,1,8,-4,-3280,1
0,0,6,-4,-3371,1
2,2,7,-4,-3192,2
0,0,8,-5,-3205,2
2,2,9,-5,-3194,1
0,2,11,-5,-3110,2
1,2,16,-5,-3116,1
2,0,17,-5,-3112,1
1,0,17,-5,-3132,1
0,1,15,-5,-3053,1
0,1,12,-5,-3058,1
0,2,15,-5,-3041,1
1,2,18,-7,-3055,1
2,1,17,-5,-3051,1
0,0,20,-5,-3049,2
1,0,19,-5,-3078,1
1,2,23,-5,-3085,2
2,1,19,-5,-3159,1
2,1,11,-5,-3168,1
2,1,10,-5,-3173,1
0,2,14,-5,-3157,2
2,2,14,-4,-3145,1
1,1,13,-4,-3133,1
2,0,11,-4,-3119,1
1,1,8,-4,-3118,1
0,0,7,-4,-3113,1
2,1,5,-4,-3123,1
1,2,9,-4,-3128,2
0,0,10,-4,-3039,2
2,0,8,-3,-3030,1
0,2,9,-3,-3023,1
1,2,14,-3,-2926,2
1,0,13,-3,-2930,1
2,1,8,-3,-2943,1
0,1,5,-3,-2948,1
0,2,5,-3,-2953,1
1,0,8,-3,-2962,2
1,2,10,-4,-2963,1
1,2,13,-4,-2965,2
0,1,11,-4,-2968,1
0,1,10,-4,-2973,1
1,1,7,-5,-2978,1
2,1,1,-5,-2972,1
0,1,-1,-5,-2970,1
2,0,-1,-5,-2985,1
1,1,-5,-5,-2991,1
0,1,-4,-6,-2988,2
2,1,-6,-6,-2992,1
2,1,-13,-6,-2996,1
2,0,-15,-6,-2989,1
1,2,-13,-6,-3001,1
1,2,-10,-6,-3005,1
1,2,-8,-6,-3014,1
0,0,-8,-7,-3020,1
2,1,-12,-7,-3009,1
2,1,-18,-7,-3028,1
2,1,-23,-6,-3012,1
2,1,-26,-6,-3004,1
0,2,-23,-6,-3020,2
1,2,-20,-6,-3026,1
1,2,-17,-6,-3042,2
1,2,-13,-6,-3042,1
1,0,-14,-7,-3048,1
2,1,-17,-7,-3043,1
1,1,-19,-7,-3056,1
2,0,-20,-7,-3055,1
1,0,-21,-7,-3065,1
1,0,-22,-7,-3079,1
2,0,-22,-7,-3077,1
2,2,-20,-7,-3075,1
2,0,-20,-7,-3080,1
0,2,-16,-7,-3063,1
0,2,-14,-7,-3058,1
0,1,-14,-7,-3145,1
2,0,-15,-7,-3137,1
1,2,-11,-7,-3240,2
2,1,-15,-7,-3228,1
2,2,-14,-7,-3221,1
0,2,-12,-7,-3225,2
2,0,-11,-7,-3239,2
0,2,-10,-7,-3251,1
2,0,-9,-7,-3265,2
0,2,-8,-7,-3176,1
1,2,-4,-7,-3193,1
2,2,-2,-7,-3194,1
1,1,-2,-7,-3191,1
2,0,-4,-7,-3173,1
1,2,-2,-7,-3265,1
0,2,1,-7,-3283,1
0,2,1,-7,-3293,2
1,2,4,-7,-3307,2
0,0,3,-7,-3313,1
0,0,3,-8,-3314,1
2,1,0,-9,-3305,1
0,0,0,-9,-3308,2
0,2,3,-9,-3310,2
0,2,5,-9,-3297,2
0,2,8,-9,-3296,2
2,1,5,-9,-3289,1
0,0,5,-9,-3372,1
2,1,1,-9,-3364,1
0,1,-1,-9,-3545,1
2,1,-5,-9,-3551,1
2,2,-3,-9,-3546,1
1,2,0,-9,-3544,2
0,0,0,-10,-3540,1
0,1,0,-10,-3529,1
0,1,-2,-10,-3548,2
0,0,-4,-10,-3538,1
2,2,0,-10,-3530,1
0,0,0,-10,-3528,1
0,1,-1,-10,-3550,1
2,0,-1,-10,-3553,1
2,1,-2,-10,-3541,1
0,1,-3,-10,-3456,1
1,2,-2,-11,-3459,1
2,1,-7,-11,-3464,1
1,2,-4,-11,-3473,2
2,0,-6,-9,-3472,1
2,1,-8,-9,-3490,2
1,1,-9,-9,-3492,1
2,2,-6,-8,-3484,1
2,0,-7,-8,-3480,1
0,1,-11,-8,-3480,1
2,1,-14,-7,-3477,1
0,1,-15,-7,-3484,1
0,1,-17,-7,-3482,1
0,0,-17,-7,-3394,2
2,1,-17,-6,-3389,1
0,0,-15,-7,-3390,1
2,0,-16,-7,-3380,1
0,2,-13,-7,-3398,2
2,1,-16,-5,-3381,1
2,0,-17,-5,-3379,1
1,0,-16,-5,-3393,1
0,2,-14,-5,-3393,2
0,0,-14,-5,-3380,1
2,2,-14,-5,-3384,1
1,0,-14,-5,-3403,1
0,2,-13,-5,-3319,1
1,0,-13,-5,-3342,1
0,2,-13,-5,-3348,1
2,1,-15,-4,-3350,1
0,1,-17,-4,-3271,1
0,1,-18,-4,-3261,1
0,0,-17,-4,-3086,2
2,1,-18,-4,-3082,1
1,2,-15,-4,-3093,1
1,2,-13,-4,-3109,1
2,2,-9,-4,-3098,2
1,0,-10,-4,-3032,1
2,1,-15,-4,-3019,1
0,2,-13,-4,-3023,2
0,1,-17,-4,-3119,1
0,2,-16,-5,-3118,1
0,0,-17,-5,-3119,1
1,1,-20,-5,-3128,1
2,1,-21,-5,-3210,1
1,1,-21,-5,-3231,2
1,0,-19,-5,-3256,1
1,1,-19,-5,-3266,1
1,2,-17,-6,-3263,2
1,2,-14,-6,-3268,2
0,2,-13,-6,-3268,2
0,0,-13,-6,-3084,2
0,1,-15,-7,-3086,1
0,1,-21,-7,-3083,1
0,0,-21,-8,-3014,1
0,1,-23,-8,-3013,1
0,0,-24,-8,-3018,1
2,1,-29,-8,-3021,1
2,0,-29,-8,-3040,1
0,1,-31,-8,-3034,1
2,1,-33,-8,-3040,1
1,2,-31,-8,-3042,1
2,1,-37,-7,-3041,1
2,1,-39,-7,-3052,1
1,2,-37,-7,-3052,2
0,2,-32,-7,-3048,1
0,2,-30,-7,-3063,2
2,1,-34,-7,-3050,1
2,1,-40,-7,-3044,1
0,1,-43,-7,-3037,1
0,1,-42,-7,-3033,1
1,2,-36,-7,-3028,2
0,1,-40,-7,-3034,1
0,2,-38,-7,-2947,2
2,1,-44,-7,-2946,1
1,1,-44,-8,-2952,2
0,2,-41,-8,-2943,1
1,2,-39,-9,-2953,1
0,2,-37,-9,-2951,1
1,2,-33,-11,-2956,2
2,1,-36,-11,-2953,1
0,2,-31,-11,-2952,2
2,2,-29,-11,-2944,1
0,0,-30,-11,-2943,1
1,0,-29,-11,-2944,1
1,2,-26,-11,-2934,2
1,2,-22,-11,-2749,2
1,1,-23,-11,-2756,2
2,1,-24,-10,-2753,1
1,2,-22,-10,-2762,1
1,0,-19,-11,-2760,1
1,2,-19,-11,-2772,1
0,1,-22,-12,-2766,1
2,1,-25,-12,-2771,1
0,1,-30,-12,-2775,1
1,0,-30,-12,-2785,2
0,1,-30,-12,-2769,1
1,0,-32,-12,-2775,1
1,2,-31,-12,-2772,1
2,1,-33,-12,-2764,1
2,1,-36,-12,-2755,1
0,2,-36,-12,-2749,2
0,1,-37,-12,-2746,1
2,0,-38,-12,-2754,1
2,1,-41,-12,-2746,1
1,2,-38,-12,-2749,1
